zl_cd;区域_GRCh38;V3;对数比(逗号小数);审核
P001;1:1-3187722;2+2;0,0093;OK
P001;1:3187723-48286713;2+2;0,0571;OK
P001;1:48286714-67215972;4+2;0,3515;OK
P001;1:67215973-93074655;2+2;-0,0249;OK
P001;1:93074656-149028593;3+2;0,2306;OK
P001;1:149028594-174562955;2+2;0,0438;OK
P001;1:174562956-213110869;2+2;-0,0418;OK
P001;1:213110870-223264749;1+1;-0,4568;OK
P001;1:223264750-248956422;2+1;-0,2433;OK
P001;2:1-16255496;2+1;-0,1857;OK
P001;2:16255497-47584527;2+2;0,0640;OK
P001;2:47584528-49434390;2+2;-0,0583;OK
P001;2:49434391-135218401;2+2;-0,0106;OK
P001;2:135218402-158523829;2+2;0,0966;OK
P001;2:158523830-170028313;2+2;-0,0241;OK
P001;2:170028314-188771545;2+2;0,0078;OK
P001;2:188771546-242193529;2+2;0,0116;OK
P001;3:1-46565371;2+2;-0,0964;OK
P001;3:46565372-59935760;2+2;0,0640;OK
P001;3:59935761-68770256;2+2;-0,0354;OK
P001;3:68770257-72496086;2+2;-0,0279;OK
P001;3:72496087-80758086;1+1;-0,5130;OK
P001;3:80758087-100100749;2+2;0,0099;OK
P001;3:100100750-140784818;2+2;-0,0511;OK
P001;3:140784819-190991751;2+2;0,1472;OK
P001;3:190991752-198295559;2+2;0,0039;OK
P001;4:1-21035735;2+2;0,0600;OK
P001;4:21035736-27573845;3+2;0,0999;OK
P001;4:27573846-56269109;2+2;0,0217;OK
P001;4:56269110-65723785;3+2;0,1729;OK
P001;4:65723786-69806771;2+2;-0,0582;OK
P001;4:69806772-78361400;4+2;0,4190;OK
P001;4:78361401-180088725;2+2;0,0792;OK
P001;4:180088726-190214555;4+2;0,4300;OK
P001;5:1-7632902;2+1;-0,2104;OK
P001;5:7632903-77363135;2+2;0,0396;OK
P001;5:77363136-93000142;3+2;0,1307;OK
P001;5:93000143-107410430;2+1;-0,1668;OK
P001;5:107410431-117949181;2+1;-0,1889;OK
P001;5:117949182-124101621;3+2;0,1898;OK
P001;5:124101622-150573928;3+2;0,1694;OK
P001;5:150573929-181538259;2+2;0,0655;OK
P001;6:1-5986700;3+2;0,1404;OK
P001;6:5986701-65774764;3+1;0,0468;OK
P001;6:65774765-167972701;2+1;-0,2089;OK
P001;6:167972702-170805979;4+1;0,1633;OK
P001;7:1-42017432;4+2;0,4236;OK
P001;7:42017433-42270577;4+2;0,3387;OK
P001;7:42270578-49992729;2+1;-0,2073;OK
P001;7:49992730-58665781;2+2;0,0602;OK
P001;7:58665782-77146929;2+2;-0,0299;OK
P001;7:77146930-81381625;2+2;0,0412;OK
P001;7:81381626-100983123;2+2;0,0218;OK
P001;7:100983124-126895395;3+2;0,1467;OK
P001;7:126895396-159345973;2+2;-0,0567;OK
P001;8:1-1670934;3+2;0,2267;OK
P001;8:1670935-85751835;2+2;0,0172;OK
P001;8:85751836-86013579;3+2;0,1522;OK
P001;8:86013580-145138636;2+1;-0,1977;OK
P001;9:1-4607333;2+2;-0,0224;OK
P001;9:4607334-8905126;2+1;-0,2120;OK
P001;9:8905127-11756132;3+2;0,2355;OK
P001;9:11756133-46444635;2+1;-0,2665;OK
P001;9:46444636-52992210;2+1;-0,2348;OK
P001;9:52992211-68379946;2+2;-0,0106;OK
P001;9:68379947-98041740;4+2;0,3488;OK
P001;9:98041741-101546540;2+2;-0,0316;OK
P001;9:101546541-138394717;3+2;0,2073;OK
P001;10:1-22146916;2+1;-0,2607;OK
P001;10:22146917-115995005;2+1;-0,1878;OK
P001;10:115995006-117133996;2+2;-0,0313;OK
P001;10:117133997-124482628;2+2;0,0191;OK
P001;10:124482629-133797422;4+2;0,2734;OK
P001;11:1-28726876;2+2;0,0366;OK
P001;11:28726877-46997038;2+2;0,0686;OK
P001;11:46997039-49992009;4+2;0,3700;OK
P001;11:49992010-81361047;2+2;-0,0015;OK
P001;11:81361048-110863951;2+2;0,0276;OK
P001;11:110863952-116974887;2+2;0,0319;OK
P001;11:116974888-117235459;2+2;0,0607;OK
P001;11:117235460-135086622;2+1;-0,1553;OK
P001;12:1-13053283;2+2;0,0402;OK
P001;12:13053284-48604246;2+2;0,0305;OK
P001;12:48604247-77125044;2+2;-0,0372;OK
P001;12:77125045-101603491;3+2;0,1098;OK
P001;12:101603492-110574192;2+2;0,0036;OK
P001;12:110574193-116658274;3+2;0,1361;OK
P001;12:116658275-133275309;3+2;0,2536;OK
P001;13:1-4465015;2+2;-0,0058;OK
P001;13:4465016-10967866;4+2;0,3839;OK
P001;13:10967867-33427131;2+2;0,0172;OK
P001;13:33427132-48512325;2+2;-0,0284;OK
P001;13:48512326-51311738;2+2;-0,0538;OK
P001;13:51311739-93804915;3+2;0,1998;OK
P001;13:93804916-114364328;2+2;0,0023;OK
P001;14:1-57225269;3+2;0,1225;OK
P001;14:57225270-60371935;2+2;-0,0065;OK
P001;14:60371936-73690443;3+2;0,1504;OK
P001;14:73690444-86126344;2+2;0,0571;OK
P001;14:86126345-92302615;2+1;-0,1909;OK
P001;14:92302616-103217090;3+2;0,1579;OK
P001;14:103217091-107043718;4+2;0,3392;OK
P001;15:1-23699249;3+2;0,1952;OK
P001;15:23699250-35449225;3+2;0,2446;OK
P001;15:35449226-40742281;2+2;-0,0328;OK
P001;15:40742282-67968340;2+2;-0,0219;OK
P001;15:67968341-68522044;2+2;0,0343;OK
P001;15:68522045-76003609;2+2;-0,0186;OK
P001;15:76003610-101991189;3+2;0,1010;OK
P001;16:1-1298609;2+2;-0,0691;OK
P001;16:1298610-28954605;2+2;-0,0530;OK
P001;16:28954606-36087391;2+2;0,0412;OK
P001;16:36087392-43701853;2+2;0,0128;OK
P001;16:43701854-63559072;2+2;0,0168;OK
P001;16:63559073-65781415;2+1;-0,2081;OK
P001;16:65781416-68784339;3+2;0,1836;OK
P001;16:68784340-90338345;2+2;-0,0490;OK
P001;17:1-18495704;2+2;0,0073;OK
P001;17:18495705-42276373;3+2;0,1905;OK
P001;17:42276374-44405837;2+2;0,0127;OK
P001;17:44405838-78444694;2+2;0,0499;OK
P001;17:78444695-83257441;2+2;-0,0217;OK
P001;18:1-9507436;2+2;0,0194;OK
P001;18:9507437-21766929;2+2;0,0891;OK
P001;18:21766930-40041707;2+2;0,0470;OK
P001;18:40041708-40392823;3+2;0,1518;OK
P001;18:40392824-51424222;2+1;-0,2332;OK
P001;18:51424223-56739224;2+2;-0,0311;OK
P001;18:56739225-80373285;2+1;-0,2264;OK
P001;19:1-2410750;2+1;-0,1705;OK
P001;19:2410751-21769624;2+1;-0,2505;OK
P001;19:21769625-34835717;2+2;0,0640;OK
P001;19:34835718-35326346;2+1;-0,1887;OK
P001;19:35326347-36724971;2+2;-0,0806;OK
P001;19:36724972-56994048;3+2;0,1464;OK
P001;19:56994049-58617616;4+2;0,3776;OK
P001;20:1-4579496;2+2;0,0070;OK
P001;20:4579497-7020499;2+2;-0,0091;OK
P001;20:7020500-7626157;2+2;0,0718;OK
P001;20:7626158-30788002;3+2;0,2780;OK
P001;20:30788003-34232729;2+2;-0,0041;OK
P001;20:34232730-40169776;2+1;-0,2004;OK
P001;20:40169777-50502073;2+1;-0,2358;OK
P001;20:50502074-50606416;2+2;0,0535;OK
P001;20:50606417-64444167;3+2;0,1137;OK
P001;21:1-12026679;2+1;-0,1487;OK
P001;21:12026680-22215508;2+2;-0,0982;OK
P001;21:22215509-23285833;3+2;0,1878;OK
P001;21:23285834-24793198;4+2;0,2848;OK
P001;21:24793199-28713199;3+1;-0,0272;OK
P001;21:28713200-29117994;2+2;0,0592;OK
P001;21:29117995-31196494;1+1;-0,5017;OK
P001;21:31196495-32419514;3+2;0,2072;OK
P001;21:32419515-46709983;2+2;-0,0393;OK
P001;22:1-559918;2+2;0,0225;OK
P001;22:559919-11880094;2+1;-0,2374;OK
P001;22:11880095-34232112;2+2;-0,0427;OK
P001;22:34232113-38197792;2+2;-0,0391;OK
P001;22:38197793-44215503;4+2;0,3154;OK
P001;22:44215504-47634221;2+2;0,0077;OK
P001;22:47634222-49007382;2+2;0,0459;OK
P001;22:49007383-50818468;2+2;-0,0468;OK
P001;X:1-2535054;4+2;0,3919;OK
P001;X:2535055-21402065;2+2;-0,1151;OK
P001;X:21402066-30993219;2+2;0,0694;OK
P001;X:30993220-50027901;2+2;-0,0072;OK
P001;X:50027902-97158589;2+2;0,0347;OK
P001;X:97158590-138051404;2+2;0,0019;OK
P001;X:138051405-145114466;2+2;-0,0311;OK
P001;X:145114467-156040895;2+2;0,0164;OK
P002;1:1-10999640;1+1;0,0331;OK
P002;1:10999641-25853464;2+1;0,3396;OK
P002;1:25853465-40037182;1+0;-0,4724;OK
P002;1:40037183-141513047;1+1;0,0006;OK
P002;1:141513048-196517472;1+0;-0,4450;OK
P002;1:196517473-248956422;3+1;0,5236;OK
P002;2:1-47112977;1+1;-0,0788;OK
P002;2:47112978-56566446;3+1;0,6066;OK
P002;2:56566447-221239097;2+1;0,3107;OK
P002;2:221239098-242193529;1+0;-0,3887;OK
P002;3:1-7113257;1+1;-0,0472;OK
P002;3:7113258-46389804;1+1;0,0399;OK
P002;3:46389805-83031185;1+1;0,0394;OK
P002;3:83031186-107595833;1+1;-0,0119;OK
P002;3:107595834-122362732;1+1;0,0575;OK
P002;3:122362733-172762648;1+1;0,0416;OK
P002;3:172762649-190431516;1+1;0,0337;OK
P002;3:190431517-198295559;2+1;0,3662;OK
P002;4:1-61612927;3+1;0,5560;OK
P002;4:61612928-88135391;2+1;0,3733;OK
P002;4:88135392-121325878;1+1;0,0352;OK
P002;4:121325879-123557688;1+1;0,0485;OK
P002;4:123557689-134710752;2+1;0,3658;OK
P002;4:134710753-137313934;2+1;0,3178;OK
P002;4:137313935-153777966;2+1;0,3020;OK
P002;4:153777967-163251101;1+1;0,0587;OK
P002;4:163251102-190214555;3+1;0,4773;OK
P002;5:1-27245375;1+1;0,0726;OK
P002;5:27245376-43286423;1+1;0,0620;OK
P002;5:43286424-58144809;0+0;-0,9043;OK
P002;5:58144810-60696905;1+1;-0,0464;OK
P002;5:60696906-70895964;1+1;0,0043;OK
P002;5:70895965-97072876;1+0;-0,3593;OK
P002;5:97072877-152551320;1+1;-0,0545;OK
P002;5:152551321-177083450;1+1;-0,0047;OK
P002;5:177083451-181538259;2+1;0,2878;OK
P002;6:1-15539524;1+1;0,0583;OK
P002;6:15539525-20590954;1+0;-0,4585;OK
P002;6:20590955-49067450;1+0;-0,4186;OK
P002;6:49067451-51750680;2+1;0,2361;OK
P002;6:51750681-71582613;1+1;-0,1032;OK
P002;6:71582614-82282934;2+1;0,2020;OK
P002;6:82282935-85937699;1+0;-0,3563;OK
P002;6:85937700-161951417;1+1;-0,0538;OK
P002;6:161951418-170805979;3+1;0,5695;OK
P002;7:1-5081426;2+0;0,0172;OK
P002;7:5081427-114554153;2+1;0,3200;OK
P002;7:114554154-126198373;1+1;0,0246;OK
P002;7:126198374-129260246;1+1;-0,0254;OK
P002;7:129260247-129555015;1+0;-0,3828;OK
P002;7:129555016-141250771;2+1;0,3624;OK
P002;7:141250772-157818425;2+0;-0,0869;OK
P002;7:157818426-159345973;1+1;0,0156;OK
P002;8:1-6105409;1+1;0,0252;OK
P002;8:6105410-12991734;1+1;0,0117;OK
P002;8:12991735-83316003;1+1;-0,0370;OK
P002;8:83316004-83654356;1+1;0,0588;OK
P002;8:83654357-92126452;1+1;-0,0465;OK
P002;8:92126453-140891202;1+1;0,0346;OK
P002;8:140891203-145138636;1+1;-0,0137;OK
P002;9:1-51434399;2+1;0,3269;OK
P002;9:51434400-99675341;1+0;-0,4550;OK
P002;9:99675342-103548581;1+1;-0,0616;OK
P002;9:103548582-138394717;1+1;-0,0579;OK
P002;10:1-5798788;2+1;0,3164;OK
P002;10:5798789-60365721;1+1;0,0007;OK
P002;10:60365722-65192118;1+1;-0,0551;OK
P002;10:65192119-77933157;2+1;0,3351;OK
P002;10:77933158-133797422;1+1;0,0016;OK
P002;11:1-27421490;1+0;-0,4421;OK
P002;11:27421491-32858181;1+1;-0,0044;OK
P002;11:32858182-59241665;1+0;-0,4287;OK
P002;11:59241666-87583723;1+1;-0,0808;OK
P002;11:87583724-107304197;1+1;0,0168;OK
P002;11:107304198-135086622;1+1;0,0054;OK
P002;12:1-16307400;1+1;0,0056;OK
P002;12:16307401-18825967;1+1;-0,1095;OK
P002;12:18825968-46090637;1+1;-0,0086;OK
P002;12:46090638-48680603;3+1;0,5953;OK
P002;12:48680604-60172422;2+1;0,3543;OK
P002;12:60172423-77319756;1+1;0,0396;OK
P002;12:77319757-133275309;2+1;0,4252;OK
P002;13:1-18370180;1+1;0,0039;OK
P002;13:18370181-32965671;1+1;0,0560;OK
P002;13:32965672-49413388;1+1;-0,0118;OK
P002;13:49413389-74230502;1+1;-0,0534;OK
P002;13:74230503-99300202;3+1;0,5508;OK
P002;13:99300203-105705735;3+1;0,6253;OK
P002;13:105705736-114364328;1+1;0,0197;OK
P002;14:1-455058;1+1;-0,0019;OK
P002;14:455059-7874730;1+1;-0,0264;OK
P002;14:7874731-89125893;1+1;0,0109;OK
P002;14:89125894-107043718;1+1;-0,0083;OK
P002;15:1-187621;1+1;-0,0039;OK
P002;15:187622-5294867;3+1;0,6208;OK
P002;15:5294868-5555497;1+0;-0,4505;OK
P002;15:5555498-16256831;1+1;0,0206;OK
P002;15:16256832-79191463;2+1;0,2642;OK
P002;15:79191464-101991189;2+1;0,3639;OK
P002;16:1-15383043;1+1;0,0027;OK
P002;16:15383044-45708941;1+0;-0,4079;OK
P002;16:45708942-51729679;3+1;0,5393;OK
P002;16:51729680-65456175;1+1;-0,0209;OK
P002;16:65456176-79285106;1+1;0,0276;OK
P002;16:79285107-90338345;1+1;-0,0006;OK
P002;17:1-6513520;2+1;0,3283;OK
P002;17:6513521-28068848;1+1;0,0867;OK
P002;17:28068849-41953887;2+0;0,0166;OK
P002;17:41953888-52158775;1+1;0,0229;OK
P002;17:52158776-75311206;1+1;-0,0039;OK
P002;17:75311207-83257441;1+1;0,0575;OK
P002;18:1-5758957;1+1;-0,0636;OK
P002;18:5758958-6583827;1+0;-0,3726;OK
P002;18:6583828-8269893;2+1;0,3639;OK
P002;18:8269894-19935072;1+1;-0,0354;OK
P002;18:19935073-38183591;1+1;-0,0461;OK
P002;18:38183592-61378276;1+1;0,0535;OK
P002;18:61378277-80373285;1+1;0,0123;OK
P002;19:1-9430952;1+0;-0,4732;OK
P002;19:9430953-12528465;1+1;-0,0086;OK
P002;19:12528466-15217836;1+0;-0,3280;OK
P002;19:15217837-35259594;1+0;-0,4253;OK
P002;19:35259595-46689187;1+1;-0,0528;OK
P002;19:46689188-49106833;3+1;0,6274;OK
P002;19:49106834-54130734;1+1;0,0235;OK
P002;19:54130735-57434630;1+1;0,0215;OK
P002;19:57434631-58617616;1+1;-0,0047;OK
P002;20:1-14747886;1+1;0,0719;OK
P002;20:14747887-41303637;2+1;0,3204;OK
P002;20:41303638-46425238;1+1;0,0345;OK
P002;20:46425239-46847322;1+0;-0,4057;OK
P002;20:46847323-56630942;1+1;0,0586;OK
P002;20:56630943-63208868;1+1;-0,0457;OK
P002;20:63208869-64444167;3+1;0,5837;OK
P002;21:1-8097058;1+0;-0,4123;OK
P002;21:8097059-15494400;1+1;-0,0576;OK
P002;21:15494401-21683609;1+1;-0,0522;OK
P002;21:21683610-29900680;2+1;0,4498;OK
P002;21:29900681-34140769;1+1;-0,0245;OK
P002;21:34140770-46709983;1+1;0,0292;OK
P002;22:1-751709;3+1;0,5531;OK
P002;22:751710-15718676;1+1;-0,1105;OK
P002;22:15718677-24290836;2+1;0,3876;OK
P002;22:24290837-35129886;1+1;-0,0539;OK
P002;22:35129887-35793866;1+1;-0,0679;OK
P002;22:35793867-36730393;1+1;-0,0251;OK
P002;22:36730394-38326614;1+1;-0,0693;OK
P002;22:38326615-46809185;1+1;-0,0743;OK
P002;22:46809186-50818468;1+0;-0,5096;OK
P002;X:1-12450132;1+0;-0,4124;OK
P002;X:12450133-23635545;1+0;-0,4498;OK
P002;X:23635546-28320608;1+0;-0,4026;OK
P002;X:28320609-48493621;1+0;-0,5082;OK
P002;X:48493622-56228927;1+0;-0,4297;OK
P002;X:56228928-86418091;1+0;-0,3810;OK
P002;X:86418092-134405204;1+0;-0,4418;OK
P002;X:134405205-156040895;1+0;-0,5872;OK
P003;1:1-11086944;2+1;-0,2749;OK
P003;1:11086945-71523652;2+2;-0,0450;OK
P003;1:71523653-77119128;2+1;-0,1818;OK
P003;1:77119129-97155883;4+2;0,4374;OK
P003;1:97155884-102709767;2+2;-0,0003;OK
P003;1:102709768-103431946;2+2;0,0839;OK
P003;1:103431947-210201427;3+2;0,2140;OK
P003;1:210201428-240266462;2+2;-0,0726;OK
P003;1:240266463-248956422;2+1;-0,3202;OK
P003;2:1-106898112;1+1;-0,6015;OK
P003;2:106898113-152428327;4+1;0,2862;OK
P003;2:152428328-206213736;4+2;0,3912;OK
P003;2:206213737-207965493;3+2;0,2598;OK
P003;2:207965494-242193529;2+2;-0,0411;OK
P003;3:1-46405277;2+2;0,0253;OK
P003;3:46405278-92571764;2+2;-0,0533;OK
P003;3:92571765-194448747;2+2;-0,0198;OK
P003;3:194448748-198295559;2+2;-0,0113;OK
P003;4:1-59976070;2+2;0,0175;OK
P003;4:59976071-111889212;3+2;0,1837;OK
P003;4:111889213-113165089;2+1;-0,1907;OK
P003;4:113165090-115409507;2+2;-0,0186;OK
P003;4:115409508-120139131;4+2;0,3579;OK
P003;4:120139132-141414742;2+2;0,0596;OK
P003;4:141414743-178461373;3+2;0,2156;OK
P003;4:178461374-190214555;3+2;0,2327;OK
P003;5:1-14668805;2+2;-0,0016;OK
P003;5:14668806-20585283;2+2;-0,0193;OK
P003;5:20585284-82778812;2+2;-0,0129;OK
P003;5:82778813-83403529;4+2;0,4139;OK
P003;5:83403530-87895762;4+1;0,2513;OK
P003;5:87895763-181242516;4+2;0,4023;OK
P003;5:181242517-181538259;2+2;-0,0113;OK
P003;6:1-5948376;2+2;0,0103;OK
P003;6:5948377-54671612;2+2;-0,0697;OK
P003;6:54671613-90798187;2+1;-0,2589;OK
P003;6:90798188-170805979;2+2;0,0085;OK
P003;7:1-4842529;3+2;0,1547;OK
P003;7:4842530-25734081;2+2;-0,0522;OK
P003;7:25734082-56892560;2+2;0,0290;OK
P003;7:56892561-70272737;2+1;-0,4145;OK
P003;7:70272738-159345973;2+1;-0,3015;OK
P003;8:1-56714632;2+1;-0,2731;OK
P003;8:56714633-64978549;2+2;0,0317;OK
P003;8:64978550-79130669;3+2;0,1756;OK
P003;8:79130670-87143621;2+2;-0,0365;OK
P003;8:87143622-110431445;2+2;-0,0250;OK
P003;8:110431446-130275508;2+2;0,0458;OK
P003;8:130275509-131479461;2+2;0,0359;OK
P003;8:131479462-145138636;3+2;0,2373;OK
P003;9:1-14892462;2+2;-0,0222;OK
P003;9:14892463-90004832;2+2;0,0491;OK
P003;9:90004833-108885008;4+2;0,3828;OK
P003;9:108885009-138394717;2+1;-0,1825;OK
P003;10:1-13241488;2+1;-0,2574;OK
P003;10:13241489-18289586;2+1;-0,3195;OK
P003;10:18289587-22594043;2+1;-0,3085;OK
P003;10:22594044-56741592;2+2;0,0024;OK
P003;10:56741593-71507385;3+1;0,0413;OK
P003;10:71507386-88161333;2+2;0,0056;OK
P003;10:88161334-133797422;2+2;-0,0093;OK
P003;11:1-31725309;2+2;-0,0039;OK
P003;11:31725310-74770048;3+1;-0,0257;OK
P003;11:74770049-88436716;2+1;-0,2158;OK
P003;11:88436717-91767505;2+1;-0,2553;OK
P003;11:91767506-122909561;2+2;-0,0071;OK
P003;11:122909562-135086622;2+2;-0,0966;OK
P003;12:1-1401338;2+1;-0,2567;OK
P003;12:1401339-26460033;2+2;-0,0172;OK
P003;12:26460034-28079416;3+2;0,2102;OK
P003;12:28079417-83584080;2+2;0,0012;OK
P003;12:83584081-102071291;3+1;-0,0308;OK
P003;12:102071292-119857242;3+2;0,2183;OK
P003;12:119857243-126957153;4+2;0,4518;OK
P003;12:126957154-133275309;2+2;0,0259;OK
P003;13:1-25926596;2+1;-0,3236;OK
P003;13:25926597-48596288;2+2;0,0376;OK
P003;13:48596289-61298130;2+1;-0,2670;OK
P003;13:61298131-63098452;2+2;0,0308;OK
P003;13:63098453-67618007;4+2;0,4413;OK
P003;13:67618008-72740047;2+2;-0,0672;OK
P003;13:72740048-111601680;2+2;-0,0151;OK
P003;13:111601681-114364328;3+2;0,1814;OK
P003;14:1-15851745;4+2;0,4423;OK
P003;14:15851746-17742159;2+2;-0,0629;OK
P003;14:17742160-38595427;2+2;-0,0227;OK
P003;14:38595428-39105658;2+2;-0,0067;OK
P003;14:39105659-50584564;2+2;-0,0699;OK
P003;14:50584565-77079445;2+2;0,0273;OK
P003;14:77079446-83364474;2+2;0,0138;OK
P003;14:83364475-87545966;4+2;0,3953;OK
P003;14:87545967-107043718;2+2;0,0630;OK
P003;15:1-13647962;3+2;0,1994;OK
P003;15:13647963-26933389;2+1;-0,2286;OK
P003;15:26933390-32451430;2+2;0,1248;OK
P003;15:32451431-45125019;3+2;0,1056;OK
P003;15:45125020-45818914;2+2;0,0384;OK
P003;15:45818915-54188400;2+2;-0,0352;OK
P003;15:54188401-64620724;2+2;-0,0271;OK
P003;15:64620725-101991189;2+2;-0,0430;OK
P003;16:1-7871377;3+2;0,2577;OK
P003;16:7871378-25967428;2+2;0,0083;OK
P003;16:25967429-34143651;3+1;0,0203;OK
P003;16:34143652-79401566;2+2;-0,0034;OK
P003;16:79401567-82951311;3+1;-0,0085;OK
P003;16:82951312-87355813;2+2;0,0404;OK
P003;16:87355814-90338345;2+2;0,0237;OK
P003;17:1-6175545;3+2;0,2377;OK
P003;17:6175546-18156324;4+2;0,3977;OK
P003;17:18156325-23553958;2+2;-0,0853;OK
P003;17:23553959-25942855;2+1;-0,1870;OK
P003;17:25942856-32580543;3+2;0,2019;OK
P003;17:32580544-37318989;2+2;0,0650;OK
P003;17:37318990-53916331;2+2;0,0343;OK
P003;17:53916332-83257441;2+2;0,0315;OK
P003;18:1-10921846;4+2;0,3727;OK
P003;18:10921847-14323328;2+2;0,0541;OK
P003;18:14323329-21996141;2+1;-0,3362;OK
P003;18:21996142-24388475;2+1;-0,2389;OK
P003;18:24388476-51219274;2+1;-0,2987;OK
P003;18:51219275-71556237;2+2;-0,0454;OK
P003;18:71556238-80373285;3+2;0,2440;OK
P003;19:1-6004901;3+2;0,1998;OK
P003;19:6004902-13816997;2+2;0,0884;OK
P003;19:13816998-14231599;2+1;-0,3564;OK
P003;19:14231600-21079457;3+2;0,2205;OK
P003;19:21079458-36504311;3+2;0,2723;OK
P003;19:36504312-44430128;2+2;0,0512;OK
P003;19:44430129-58617616;2+1;-0,2261;OK
P003;20:1-15810242;2+2;-0,0231;OK
P003;20:15810243-44582228;3+2;0,2046;OK
P003;20:44582229-51447314;2+2;0,0010;OK
P003;20:51447315-61842478;2+1;-0,2637;OK
P003;20:61842479-64444167;2+2;-0,0146;OK
P003;21:1-6827981;4+2;0,4464;OK
P003;21:6827982-11341315;2+1;-0,2591;OK
P003;21:11341316-13967851;2+2;-0,0368;OK
P003;21:13967852-16745280;2+2;0,0019;OK
P003;21:16745281-30100687;2+2;0,0205;OK
P003;21:30100688-40306874;2+2;-0,0378;OK
P003;21:40306875-44225839;2+2;0,0373;OK
P003;21:44225840-46709983;3+2;0,1410;OK
P003;22:1-5505077;2+2;0,0241;OK
P003;22:5505078-11976744;3+2;0,1872;OK
P003;22:11976745-16770259;3+1;0,0976;OK
P003;22:16770260-18348818;2+2;-0,0323;OK
P003;22:18348819-22483574;2+2;-0,0067;OK
P003;22:22483575-25012537;2+2;-0,0416;OK
P003;22:25012538-35354972;2+2;-0,0272;OK
P003;22:35354973-50818468;2+2;0,0719;OK
P003;X:1-1922914;1+0;-1,0290;OK
P003;X:1922915-39254014;1+0;-0,9891;OK
P003;X:39254015-86633895;1+0;-0,9986;OK
P003;X:86633896-112385512;1+0;-0,9712;OK
P003;X:112385513-156040895;1+0;-1,0892;OK
P004;1:1-2611671;2+2;0,0128;OK
P004;1:2611672-63157680;3+2;0,1656;OK
P004;1:63157681-85143854;2+2;-0,0172;OK
P004;1:85143855-87531424;3+2;0,1288;OK
P004;1:87531425-104233301;2+1;-0,1840;OK
P004;1:104233302-135993057;3+2;0,1729;OK
P004;1:135993058-187362657;3+2;0,1454;OK
P004;1:187362658-218695760;2+1;-0,1312;OK
P004;1:218695761-248956422;2+2;0,0128;OK
P004;2:1-64286707;2+2;-0,0013;OK
P004;2:64286708-76917600;3+1;-0,0772;OK
P004;2:76917601-79927202;2+2;0,0689;OK
P004;2:79927203-104291288;2+2;0,0196;OK
P004;2:104291289-242193529;2+2;-0,0570;OK
P004;3:1-4666920;2+2;-0,0270;OK
P004;3:4666921-32603185;3+2;0,0841;OK
P004;3:32603186-69614362;3+2;0,1205;OK
P004;3:69614363-89806925;4+2;0,3177;OK
P004;3:89806926-98272815;2+2;0,0311;OK
P004;3:98272816-179412694;3+2;0,1630;OK
P004;3:179412695-198295559;3+1;-0,0463;OK
P004;4:1-53365185;2+2;0,0284;OK
P004;4:53365186-55213804;2+2;0,0368;OK
P004;4:55213805-85655312;3+2;0,1365;OK
P004;4:85655313-132330453;4+2;0,2978;OK
P004;4:132330454-178830564;2+2;0,0149;OK
P004;4:178830565-190214555;3+2;0,2030;OK
P004;5:1-33811616;2+2;-0,0013;OK
P004;5:33811617-52300107;2+2;-0,0078;OK
P004;5:52300108-94898063;2+2;0,0046;OK
P004;5:94898064-96451326;2+2;-0,0274;OK
P004;5:96451327-104360737;4+2;0,2231;OK
P004;5:104360738-110822768;2+2;0,0913;OK
P004;5:110822769-139127041;2+2;-0,0195;OK
P004;5:139127042-181538259;3+2;0,1041;OK
P004;6:1-6807363;4+2;0,3017;OK
P004;6:6807364-76460118;2+2;-0,0319;OK
P004;6:76460119-141473099;2+2;0,0432;OK
P004;6:141473100-170805979;2+2;0,0844;OK
P004;7:1-26666891;2+2;0,0203;OK
P004;7:26666892-35482775;4+2;0,3135;OK
P004;7:35482776-41438107;1+1;-0,3877;OK
P004;7:41438108-82941863;2+2;0,0133;OK
P004;7:82941864-85648032;2+2;0,1084;OK
P004;7:85648033-146563954;2+2;-0,0122;OK
P004;7:146563955-159345973;2+2;0,0918;OK
P004;8:1-347309;2+2;-0,0000;OK
P004;8:347310-6677546;2+2;-0,0057;OK
P004;8:6677547-20197749;2+2;0,0459;OK
P004;8:20197750-52052923;3+2;0,1391;OK
P004;8:52052924-54921358;2+1;-0,2453;OK
P004;8:54921359-87514992;2+1;-0,1973;OK
P004;8:87514993-94779104;2+2;0,0217;OK
P004;8:94779105-106311422;2+1;-0,1385;OK
P004;8:106311423-145138636;2+2;-0,0422;OK
P004;9:1-28221888;4+2;0,3367;OK
P004;9:28221889-64394869;2+2;-0,0265;OK
P004;9:64394870-126490135;2+2;0,0646;OK
P004;9:126490136-138394717;2+2;0,0406;OK
P004;10:1-7283690;3+2;0,1253;OK
P004;10:7283691-29729544;2+1;-0,1878;OK
P004;10:29729545-61559088;2+1;-0,1972;OK
P004;10:61559089-121750748;2+2;-0,0290;OK
P004;10:121750749-127133235;2+2;0,0068;OK
P004;10:127133236-133709534;2+2;-0,0672;OK
P004;10:133709535-133797422;2+2;-0,0201;OK
P004;11:1-4065314;2+2;0,0244;OK
P004;11:4065315-58759263;2+2;-0,0018;OK
P004;11:58759264-108214356;3+2;0,1697;OK
P004;11:108214357-135086622;2+2;0,0014;OK
P004;12:1-32963680;4+2;0,3442;OK
P004;12:32963681-79114454;2+2;-0,0005;OK
P004;12:79114455-80635269;2+2;0,0356;OK
P004;12:80635270-131018228;2+1;-0,1683;OK
P004;12:131018229-133275309;2+2;-0,0312;OK
P004;13:1-17523821;2+2;-0,0711;OK
P004;13:17523822-76070991;3+2;0,2002;OK
P004;13:76070992-93138518;2+2;-0,0687;OK
P004;13:93138519-93235474;1+1;-0,2683;OK
P004;13:93235475-114364328;2+1;-0,1639;OK
P004;14:1-5759264;2+2;0,0335;OK
P004;14:5759265-26618772;2+2;0,0093;OK
P004;14:26618773-48816020;2+2;0,0814;OK
P004;14:48816021-60915002;2+2;-0,0731;OK
P004;14:60915003-96789903;2+2;0,0082;OK
P004;14:96789904-105965041;2+2;0,0244;OK
P004;14:105965042-107043718;2+1;-0,1279;OK
P004;15:1-35300258;3+1;0,0185;OK
P004;15:35300259-67976390;2+2;-0,0305;OK
P004;15:67976391-81385563;2+2;-0,0465;OK
P004;15:81385564-101991189;2+2;0,0058;OK
P004;16:1-22799798;2+2;0,0425;OK
P004;16:22799799-41028475;3+2;0,1318;OK
P004;16:41028476-65025820;2+2;0,0483;OK
P004;16:65025821-90338345;3+2;0,2196;OK
P004;17:1-44019000;4+1;0,1218;OK
P004;17:44019001-66300912;4+2;0,2956;OK
P004;17:66300913-80411969;2+2;0,0342;OK
P004;17:80411970-83257441;3+2;0,1452;OK
P004;18:1-25360838;2+2;0,0437;OK
P004;18:25360839-31443028;2+2;-0,0446;OK
P004;18:31443029-36040535;2+2;0,0235;OK
P004;18:36040536-37373105;2+2;-0,0343;OK
P004;18:37373106-80373285;4+2;0,2439;OK
P004;19:1-271464;2+1;-0,1793;OK
P004;19:271465-11677700;3+2;0,1241;OK
P004;19:11677701-30344946;2+1;-0,2163;OK
P004;19:30344947-42502486;2+2;0,0577;OK
P004;19:42502487-44134009;2+2;-0,0474;OK
P004;19:44134010-58617616;2+2;-0,0045;OK
P004;20:1-296435;2+2;0,0206;OK
P004;20:296436-1687649;2+2;-0,0119;OK
P004;20:1687650-22094081;2+2;-0,0250;OK
P004;20:22094082-22817233;3+2;0,2367;OK
P004;20:22817234-29802672;2+1;-0,2049;OK
P004;20:29802673-31343489;3+2;0,0852;OK
P004;20:31343490-52052340;2+2;-0,0946;OK
P004;20:52052341-60865563;2+2;0,0039;OK
P004;20:60865564-64444167;2+2;0,0408;OK
P004;21:1-11419616;2+2;0,0032;OK
P004;21:11419617-17443479;2+2;0,0189;OK
P004;21:17443480-21493124;2+2;0,0083;OK
P004;21:21493125-23947712;2+2;-0,0033;OK
P004;21:23947713-34208191;2+1;-0,2231;OK
P004;21:34208192-34636906;3+2;0,1756;OK
P004;21:34636907-40651607;4+1;0,1169;OK
P004;21:40651608-46709983;2+2;-0,0022;OK
P004;22:1-17015757;2+2;0,0617;OK
P004;22:17015758-17175342;4+2;0,3358;OK
P004;22:17175343-45805426;2+2;0,0417;OK
P004;22:45805427-49035049;3+1;0,0015;OK
P004;22:49035050-50027811;2+1;-0,1612;OK
P004;22:50027812-50818468;2+2;-0,0376;OK
P004;X:1-28304396;1+0;-0,6044;OK
P004;X:28304397-55206025;1+0;-0,6108;OK
P004;X:55206026-85458819;1+0;-0,6962;OK
P004;X:85458820-87457819;1+0;-0,6128;OK
P004;X:87457820-156040895;1+0;-0,5817;OK
P005;1:1-36158179;1+1;-0,0359;OK
P005;1:36158180-88646041;3+1;0,8665;OK
P005;1:88646042-143835081;1+1;-0,0210;OK
P005;1:143835082-168195293;1+1;0,0232;OK
P005;1:168195294-172434441;1+1;0,0210;OK
P005;1:172434442-242139256;1+1;0,0075;OK
P005;1:242139257-248956422;3+1;0,8357;OK
P005;2:1-3999206;2+1;0,4683;OK
P005;2:3999207-10077876;2+1;0,4948;OK
P005;2:10077877-10442590;0+0;-2,2769;OK
P005;2:10442591-100134367;3+0;0,5674;OK
P005;2:100134368-157123574;1+1;-0,0052;OK
P005;2:157123575-191180092;2+1;0,5514;OK
P005;2:191180093-227909281;1+1;-0,0043;OK
P005;2:227909282-242193529;2+1;0,4600;OK
P005;3:1-60608646;0+0;-2,3855;OK
P005;3:60608647-173852721;2+1;0,4574;OK
P005;3:173852722-195810413;1+1;-0,0514;OK
P005;3:195810414-198295559;1+1;-0,0477;OK
P005;4:1-9238005;1+1;-0,0159;OK
P005;4:9238006-14222211;1+0;-0,7307;OK
P005;4:14222212-39419828;1+1;-0,0597;OK
P005;4:39419829-53015396;2+1;0,4782;OK
P005;4:53015397-83841538;1+1;0,0559;OK
P005;4:83841539-147821527;1+1;-0,0544;OK
P005;4:147821528-190214555;2+1;0,4796;OK
P005;5:1-37057249;1+0;-0,6916;OK
P005;5:37057250-51278319;1+0;-0,7440;OK
P005;5:51278320-71809426;1+1;-0,0163;OK
P005;5:71809427-120594040;2+1;0,4683;OK
P005;5:120594041-122374492;1+1;0,0943;OK
P005;5:122374493-138320652;1+0;-0,6945;OK
P005;5:138320653-156942390;1+0;-0,8442;OK
P005;5:156942391-158168533;1+1;0,0235;OK
P005;5:158168534-181538259;1+0;-0,8059;OK
P005;6:1-10220354;1+1;-0,0243;OK
P005;6:10220355-84881768;1+1;0,0573;OK
P005;6:84881769-110940017;2+0;0,0208;OK
P005;6:110940018-114557960;1+0;-0,7183;OK
P005;6:114557961-170805979;1+1;-0,0382;OK
P005;7:1-26946682;1+1;-0,0567;OK
P005;7:26946683-35874235;2+1;0,4397;OK
P005;7:35874236-67978744;2+0;-0,0761;OK
P005;7:67978745-82696525;3+1;0,8915;OK
P005;7:82696526-89348140;2+1;0,4109;OK
P005;7:89348141-110232181;1+1;0,0874;OK
P005;7:110232182-159345973;1+1;-0,1106;OK
P005;8:1-25023402;3+1;0,8389;OK
P005;8:25023403-33737063;1+0;-0,8100;OK
P005;8:33737064-70492810;1+1;-0,0027;OK
P005;8:70492811-100682217;1+1;0,0290;OK
P005;8:100682218-102169460;1+1;0,0357;OK
P005;8:102169461-118992604;2+1;0,4621;OK
P005;8:118992605-135401730;1+1;0,0152;OK
P005;8:135401731-145138636;1+1;0,0351;OK
P005;9:1-24287936;3+1;0,8544;OK
P005;9:24287937-56552218;1+1;-0,1163;OK
P005;9:56552219-75054067;1+0;-0,7016;OK
P005;9:75054068-85008922;1+1;-0,0553;OK
P005;9:85008923-138394717;1+1;-0,0214;OK
P005;10:1-4078532;1+1;0,0380;OK
P005;10:4078533-25194314;1+1;0,0156;OK
P005;10:25194315-86386986;1+0;-0,7946;OK
P005;10:86386987-133797422;1+1;0,0735;OK
P005;11:1-13829208;2+1;0,5550;OK
P005;11:13829209-67085587;1+0;-0,6895;OK
P005;11:67085588-110584197;3+1;0,8705;OK
P005;11:110584198-122708018;1+1;-0,0482;OK
P005;11:122708019-130795924;1+1;0,0661;OK
P005;11:130795925-135086622;3+1;0,8219;OK
P005;12:1-9542668;1+1;-0,0275;OK
P005;12:9542669-36660392;1+1;-0,0099;OK
P005;12:36660393-81769759;1+1;-0,1119;OK
P005;12:81769760-95745663;1+0;-0,7364;OK
P005;12:95745664-127176205;3+0;0,4531;OK
P005;12:127176206-131816498;2+1;0,5207;OK
P005;12:131816499-133275309;3+0;0,4588;OK
P005;13:1-45191886;1+1;-0,0668;OK
P005;13:45191887-51630402;3+1;0,8978;OK
P005;13:51630403-55640972;2+1;0,5434;OK
P005;13:55640973-74029713;1+1;-0,0147;OK
P005;13:74029714-112720316;1+1;0,0196;OK
P005;13:112720317-113693098;1+1;-0,0009;OK
P005;13:113693099-114364328;2+1;0,5096;OK
P005;14:1-4344542;3+1;0,8229;OK
P005;14:4344543-35798221;1+1;-0,0374;OK
P005;14:35798222-47079803;1+1;0,0396;OK
P005;14:47079804-107043718;1+1;-0,0126;OK
P005;15:1-11123445;1+0;-0,8399;OK
P005;15:11123446-17543541;1+1;0,0296;OK
P005;15:17543542-40496677;1+0;-0,7069;OK
P005;15:40496678-68732525;3+1;0,8263;OK
P005;15:68732526-101991189;1+1;-0,0531;OK
P005;16:1-3165991;1+1;-0,0561;OK
P005;16:3165992-16286551;1+1;0,0025;OK
P005;16:16286552-26609903;1+1;0,0873;OK
P005;16:26609904-40383875;1+1;0,0702;OK
P005;16:40383876-41870638;2+1;0,5107;OK
P005;16:41870639-46616979;1+1;-0,0684;OK
P005;16:46616980-80264375;1+0;-0,6842;OK
P005;16:80264376-90338345;1+0;-0,8289;OK
P005;17:1-6282123;2+1;0,5017;OK
P005;17:6282124-12088030;1+1;0,0397;OK
P005;17:12088031-19489717;1+1;0,0010;OK
P005;17:19489718-26818171;1+1;-0,0456;OK
P005;17:26818172-60131494;1+1;0,0012;OK
P005;17:60131495-79838356;2+1;0,5373;OK
P005;17:79838357-83257441;1+1;0,0586;OK
P005;18:1-34072638;1+1;0,0332;OK
P005;18:34072639-52356005;1+0;-0,8063;OK
P005;18:52356006-75851561;2+1;0,4616;OK
P005;18:75851562-76481933;1+1;0,0758;OK
P005;18:76481934-80373285;1+0;-0,6996;OK
P005;19:1-1521819;1+1;-0,0396;OK
P005;19:1521820-49131700;1+1;-0,0536;OK
P005;19:49131701-50920426;1+1;-0,0531;OK
P005;19:50920427-54314968;1+1;-0,0446;OK
P005;19:54314969-58617616;1+0;-0,7017;OK
P005;20:1-431179;3+1;0,9000;OK
P005;20:431180-16178931;1+1;-0,0027;OK
P005;20:16178932-24063109;2+1;0,4634;OK
P005;20:24063110-37446755;2+0;-0,0557;OK
P005;20:37446756-45344587;2+1;0,4261;OK
P005;20:45344588-55145426;1+1;-0,0366;OK
P005;20:55145427-64444167;1+1;0,0005;OK
P005;21:1-6440171;1+1;-0,0203;OK
P005;21:6440172-19113432;1+0;-0,7775;OK
P005;21:19113433-29941670;0+0;-2,3577;OK
P005;21:29941671-35466994;3+0;0,5591;OK
P005;21:35466995-39044084;1+1;-0,0320;OK
P005;21:39044085-40595925;2+1;0,4845;OK
P005;21:40595926-46215553;1+0;-0,6529;OK
P005;21:46215554-46709983;1+1;0,0507;OK
P005;22:1-4425329;1+1;-0,0439;OK
P005;22:4425330-4927921;1+1;-0,0400;OK
P005;22:4927922-9111898;1+0;-0,8069;OK
P005;22:9111899-23746108;2+1;0,4340;OK
P005;22:23746109-50818468;1+1;-0,0489;OK
P005;X:1-1897159;1+1;0,0266;OK
P005;X:1897160-14439058;2+1;0,5240;OK
P005;X:14439059-82432737;1+1;-0,0815;OK
P005;X:82432738-96089755;1+1;-0,0590;OK
P005;X:96089756-146009972;1+1;-0,0091;OK
P005;X:146009973-156040895;1+0;-0,6677;OK
